class,buo,bdc,spf,bco,all
src.java.org.apache.ivy.osgi.p2.P2MetadataParser$ReferencesHandler,1,1,0,0,2
FileNotFoundException,0,1,0,0,1
ArrayList,1,1,0,0,2
ResolvedModuleRevision,0,1,0,0,1
src.java.org.apache.ivy.osgi.obr.filter.AndFilter,0,1,0,0,1
src.java.org.apache.ivy.osgi.p2.P2MetadataParser$UnitsHandler,1,1,0,0,2
src.example.configurations.multi-projects.filter-framework.src.filter.FilterProvider,1,1,0,0,2
Validatable,1,1,0,0,2
AbstractMessageLogger,1,1,0,0,2
src.java.org.apache.ivy.plugins.conflict.StrictConflictManager,1,1,0,0,2
src.java.org.apache.ivy.core.cache.ModuleDescriptorMemoryCache$CacheEntry,1,1,0,0,2
src.java.org.apache.ivy.core.module.descriptor.Artifact,0,1,0,0,1
src.java.org.apache.ivy.ant.IvyBuildList,1,1,0,0,2
src.java.org.apache.ivy.core.module.descriptor.DefaultArtifact,1,1,0,0,2
test.java.org.apache.ivy.osgi.obr.OBRParserTest,1,1,0,0,2
src.java.org.apache.ivy.plugins.matcher.ExactPatternMatcher$ExactMatcher,0,1,0,0,1
src.java.org.apache.ivy.core.module.descriptor.ExcludeRule,0,1,0,0,1
MessageDigest,1,1,0,0,2
src.java.org.apache.ivy.core.IvyThread,0,1,0,0,1
src.java.org.apache.ivy.plugins.parser.m2.PomWriterOptions$ExtraDependency,0,1,0,0,1
SftpException,0,1,0,0,1
IvyArtifactProperty,0,1,0,0,1
test.java.org.apache.ivy.TestFixture,1,1,0,0,2
src.java.org.apache.ivy.plugins.conflict.ConflictManager,0,1,0,0,1
test.java.org.apache.ivy.osgi.core.ManifestHeaderTest,1,1,0,0,2
src.java.org.apache.ivy.plugins.parser.m2.PomReader$PomPluginElement,0,1,0,0,1
ResolveEngine,0,1,0,0,1
IvyArtifactReport,0,1,0,0,1
src.java.org.apache.ivy.plugins.parser.m2.PomModuleDescriptorParser,1,1,0,0,2
src.java.org.apache.ivy.plugins.matcher.ExactOrRegexpPatternMatcher$ExactOrRegexpMatcher,0,1,0,0,1
RetrieveReport,1,1,0,0,2
src.java.org.apache.ivy.util.cli.Option,0,1,0,0,1
src.java.org.apache.ivy.plugins.parser.m2.PomWriterOptions,0,1,0,0,1
AbstractTrigger,0,1,0,0,1
src.java.org.apache.ivy.osgi.obr.xml.OBRXMLParser$ResourceHandler,0,1,0,0,1
src.java.org.apache.ivy.osgi.p2.P2CompositeParser$ChildrenHandler,1,1,0,0,2
RequestEntity,0,1,0,0,1
src.java.org.apache.ivy.plugins.circular.CircularDependencyStrategy,1,1,0,0,2
SortOptions,1,1,0,0,2
test.java.org.apache.ivy.ant.IvyVarTest,1,1,0,0,2
src.java.org.apache.ivy.ant.IvyPublish,1,1,0,0,2
src.java.org.apache.ivy.ant.IvyDependencyInclude,1,1,0,0,2
src.java.org.apache.ivy.core.resolve.VisitNode,1,1,0,0,2
src.java.org.apache.ivy.osgi.obr.xml.OBRXMLParser$ResourceSizeHandler,0,1,0,0,1
TransformerConfigurationException,0,1,0,0,1
src.java.org.apache.ivy.osgi.p2.PropertiesParser$PropertyHandler,1,1,0,0,2
src.java.org.apache.ivy.plugins.circular.IgnoreCircularDependencyStrategy,1,1,0,0,2
test.java.org.apache.ivy.plugins.matcher.RegexpPatternMatcherTest,1,1,0,0,2
IvyVariableContainer,0,1,0,0,1
src.java.org.apache.ivy.ant.IvyBuildNumber$Range,1,1,0,0,2
src.java.org.apache.ivy.core.event.retrieve.RetrieveEvent,1,1,0,0,2
test.java.org.apache.ivy.ant.IvyReportTest,0,1,0,0,1
ResolveData,0,1,0,0,1
DefaultExcludeRule,1,1,0,0,2
src.example.configurations.multi-projects.filter-framework.test.filter.ccimpl.CCFilterTest,1,1,0,0,2
ChannelSftp,1,1,0,0,2
AttributesImpl,0,1,0,0,1
src.java.org.apache.ivy.core.event.publish.EndArtifactPublishEvent,1,1,0,0,2
src.java.org.apache.ivy.osgi.util.DelegetingHandler$SkipOnErrorCallback,0,1,0,0,1
src.java.org.apache.ivy.ant.IvyInfo,1,1,0,0,2
src.java.org.apache.ivy.util.url.HttpClientHandler$HttpClientHelper,0,1,0,0,1
src.java.org.apache.ivy.osgi.core.BundleInfoAdapter$ProfileNotFoundException,0,1,0,0,1
src.java.org.apache.ivy.ant.IvyDependencyConf$IvyDependencyConfMapped,1,1,0,0,2
SftpProgressMonitor,0,1,0,0,1
test.java.org.apache.ivy.core.settings.XmlSettingsParserTest$MyOutputter,0,1,0,0,1
InstallEngine,1,1,0,0,2
src.java.org.apache.ivy.ant.IvyFindRevision,1,1,0,0,2
test.java.org.apache.ivy.plugins.parser.m2.PomModuleDescriptorWriterTest,1,1,0,0,2
Path,1,1,0,0,2
RepositoryCacheManager,0,1,0,0,1
src.java.org.apache.ivy.core.event.EventManager,0,1,0,0,1
src.java.org.apache.ivy.osgi.util.DelegetingHandler$ChildElementHandler,0,1,0,0,1
InstallEngineSettings,1,1,0,0,2
src.java.org.apache.ivy.plugins.parser.xml.XmlModuleDescriptorParser$Parser,1,1,0,0,2
IncludeRule,1,1,0,0,2
test.java.org.apache.ivy.plugins.parser.m2.PomModuleDescriptorParserTest$MockedDependencyResolver,0,1,0,0,1
JarFile,0,1,0,0,1
ArtifactInfo,0,1,0,0,1
src.java.org.apache.ivy.ant.IvyCachePath,1,1,0,0,2
TestCase,0,1,0,0,1
test.java.org.apache.ivy.ant.IvyInfoTest,1,1,0,0,2
BuildException,0,1,0,0,1
test.java.org.apache.ivy.core.module.descriptor.DefaultDependencyDescriptorTest,1,1,0,0,2
LinkedHashSet,1,1,0,0,2
src.java.org.apache.ivy.core.event.IvyEventFilter,1,1,0,0,2
src.java.org.apache.ivy.plugins.resolver.util.HasLatestStrategy,1,1,0,0,2
test.java.org.apache.ivy.osgi.util.VersionTest,1,1,0,0,2
src.java.org.apache.ivy.plugins.version.VersionMatcher,0,1,0,0,1
Comparable,1,1,0,0,2
test.java.org.apache.ivy.plugins.conflict.StrictConflictManagerTest,1,1,0,0,2
test.java.org.apache.ivy.osgi.util.ParseUtilTest,1,1,0,0,2
src.java.org.apache.ivy.plugins.namespace.NamespaceRule,0,1,0,0,1
src.java.org.apache.ivy.ant.IvyResources$IvyBaseResourceCollectionWrapper,1,1,0,0,2
src.java.org.apache.ivy.osgi.updatesite.xml.EclipseUpdateSiteParser$DescriptionHandler,0,1,0,0,1
P2Descriptor,0,1,0,0,1
src.java.org.apache.ivy.util.DefaultMessageLogger,1,1,0,0,2
DirectoryScanner,1,1,0,0,2
src.java.org.apache.ivy.plugins.parser.xml.XmlModuleDescriptorUpdater$DependencyPrinter,1,1,0,0,2
src.java.org.apache.ivy.osgi.p2.P2ArtifactParser$ArtifactHandler,1,1,0,0,2
test.java.org.apache.ivy.plugins.resolver.Maven2LocalTest,1,1,0,0,2
RepositoryManagementEngineSettings,1,1,0,0,2
src.java.org.apache.ivy.core.resolve.IvyNode,1,1,0,0,2
src.java.org.apache.ivy.core.event.retrieve.StartRetrieveArtifactEvent,1,1,0,0,2
VfsResolver,0,1,0,0,1
FileRepository,1,1,0,0,2
test.java.org.apache.ivy.ant.IvyTaskTest,1,1,0,0,2
src.example.multi-project.projects.sizewhere.src.sizewhere.SizeWhere,1,1,0,0,2
test.java.org.apache.ivy.util.MockMessageLogger,1,1,0,0,2
src.java.org.apache.ivy.osgi.updatesite.xml.CategoryDef,0,1,0,0,1
test.java.org.apache.ivy.util.url.ApacheURLListerTest,1,1,0,0,2
src.java.org.apache.ivy.ant.IvyBuildList$OnMissingDescriptor,1,1,0,0,2
ZipInputStream,0,1,0,0,1
src.java.org.apache.ivy.util.url.URLHandlerRegistry,1,1,0,0,2
VersionMatcher,0,1,0,0,1
src.java.org.apache.ivy.ant.IvyAntSettings$Credentials,1,1,0,0,2
src.java.org.apache.ivy.osgi.repo.AbstractFSManifestIterable,0,1,0,0,1
src.java.org.apache.ivy.tools.analyser.DependencyAnalyser,1,1,0,0,2
src.java.org.apache.ivy.osgi.p2.P2MetadataParser$RepositoryReferenceHandler,1,1,0,0,2
src.java.org.apache.ivy.util.Checks,1,1,0,0,2
Configurator,0,1,0,0,1
src.java.org.apache.ivy.osgi.p2.P2CompositeParser$ChildHandler,1,1,0,0,2
CheckEngineSettings,1,1,0,0,2
src.java.org.apache.ivy.core.deliver.DeliverEngineSettings,0,1,0,0,1
UserInfo,1,1,0,0,2
Ivy,0,1,0,0,1
ExcludeRule,1,1,0,0,2
src.java.org.apache.ivy.plugins.resolver.MirroredURLResolver,1,1,0,0,2
src.java.org.apache.ivy.osgi.obr.filter.MultiOperatorFilter,0,1,0,0,1
src.java.org.apache.ivy.osgi.obr.xml.OBRXMLParser$CapabilityHandler,0,1,0,0,1
src.java.org.apache.ivy.util.url.HttpClientHandler$HttpClientHelper2x,0,1,0,0,1
CompareFilter,0,1,0,0,1
IvyPostResolveTask,0,1,0,0,1
IvyPattern,1,1,0,0,2
test.java.org.apache.ivy.plugins.namespace.NameSpaceHelperTest,1,1,0,0,2
src.java.org.apache.ivy.core.module.id.ModuleId,0,1,0,0,1
DeliverOptions,1,1,0,0,2
src.java.org.apache.ivy.osgi.p2.P2MetadataParser$RequiresHandler,1,1,0,0,2
src.example.dual.project.src.example.Hello,1,1,0,0,2
AbstractSshBasedRepository,0,1,0,0,1
src.java.org.apache.ivy.plugins.parser.m2.PomReader$PomDependencyMgtElement,0,1,0,0,1
src.java.org.apache.ivy.util.ConfigurationUtils,1,1,0,0,2
test.java.org.apache.ivy.ant.IvyRetrieveTest,0,1,0,0,1
OBRResolver,0,1,0,0,1
src.java.org.apache.ivy.osgi.updatesite.xml.EclipseUpdateSiteParser$CategoryDefHandler,0,1,0,0,1
src.java.org.apache.ivy.core.module.descriptor.MDArtifact,1,1,0,0,2
SimpleSortEngineSettings,0,1,0,0,1
java.lang.Class,0,1,0,0,1
src.java.org.apache.ivy.osgi.core.ExecutionEnvironmentProfile,0,1,0,0,1
BuildLogger,0,1,0,0,1
src.java.org.apache.ivy.ant.IvyPostResolveTask,1,1,0,0,2
test.java.org.apache.ivy.plugins.namespace.MRIDTransformationRuleTest,1,1,0,0,2
test.java.org.apache.ivy.plugins.parser.ModuleDescriptorParserRegistryTest$MyParser,0,1,0,0,1
SilentNonMatchingVersionReporter,0,1,0,0,1
src.java.org.apache.ivy.util.url.ApacheURLLister,1,1,0,0,2
src.java.org.apache.ivy.ant.IvyPublish$ArtifactsPattern,1,1,0,0,2
src.java.org.apache.ivy.osgi.repo.AbstractOSGiResolver,0,1,0,0,1
License,1,1,0,0,2
HasLatestStrategy,1,1,0,0,2
LogOptions,1,1,0,0,2
RevisionEntry,1,1,0,0,2
DefaultRepositoryCacheManager,1,1,0,0,2
IvyFindRevision,0,1,0,0,1
src.java.org.apache.ivy.plugins.matcher.Matcher,0,1,0,0,1
ResolvedResource,1,1,0,0,2
src.java.org.apache.ivy.util.PropertiesFile,1,1,0,0,2
src.java.org.apache.ivy.plugins.repository.ssh.SshCache$CfUserInfo,1,1,0,0,2
PGPSecretKey,0,1,0,0,1
CopyProgressListener,0,1,0,0,1
src.java.org.apache.ivy.plugins.parser.xml.XmlModuleDescriptorUpdater$ItemPrinter,1,1,0,0,2
src.java.org.apache.ivy.util.StringUtils,1,1,0,0,2
DefaultIncludeRule,1,1,0,0,2
src.java.org.apache.ivy.core.resolve.IvyNodeBlacklist,1,1,0,0,2
src.java.org.apache.ivy.core.settings.Validatable,1,1,0,0,2
test.java.org.apache.ivy.core.module.id.ModuleRevisionIdTest,1,1,0,0,2
MetadataArtifactDownloadReport,1,1,0,0,2
src.java.org.apache.ivy.plugins.resolver.AbstractPatternsBasedResolver,1,1,0,0,2
src.example.configurations.multi-projects.filter-framework.src.filter.hmimpl.HMFilter,1,1,0,0,2
src.java.org.apache.ivy.osgi.obr.filter.RequirementFilterParser$Parser,0,1,0,0,1
test.java.org.apache.ivy.plugins.resolver.DualResolverTest,1,1,0,0,2
src.java.org.apache.ivy.plugins.parser.m2.PomWriterOptions$ConfigurationScopeMapping,0,1,0,0,1
src.java.org.apache.ivy.osgi.updatesite.xml.FeatureParser$DiscoveryHandler,0,1,0,0,1
src.java.org.apache.ivy.ant.IvyCacheFileset$EmptyDirectoryScanner,1,1,0,0,2
src.java.org.apache.ivy.util.url.HttpClientHandler$HttpClientHelper3x,0,1,0,0,1
src.java.org.apache.ivy.osgi.repo.ResolverManifestIterable$ResolverManifestIterator,0,1,0,0,1
StandardFileSystemManager,0,1,0,0,1
src.java.org.apache.ivy.core.event.resolve.StartResolveEvent,1,1,0,0,2
test.java.org.apache.ivy.util.ConfiguratorTest$Street,0,1,0,0,1
src.java.org.apache.ivy.util.url.CredentialsStore,1,1,0,0,2
src.example.configurations.multi-projects.filter-framework.src.filter.IFilter,1,1,0,0,2
IvyNode,0,1,0,0,1
src.java.org.apache.ivy.core.module.id.ModuleRevisionId,0,1,0,0,1
src.java.org.apache.ivy.ant.IvyCleanCache,1,1,0,0,2
src.java.org.apache.ivy.plugins.report.XmlReportWriter,1,1,0,0,2
src.java.org.apache.ivy.core.cache.CacheResourceOptions,1,1,0,0,2
src.java.org.apache.ivy.plugins.matcher.GlobPatternMatcher$GlobMatcher,0,1,0,0,1
src.java.org.apache.ivy.osgi.core.OsgiLatestStrategy$ArtifactInfoComparator,0,1,0,0,1
java.lang.Error,1,1,0,0,2
URI,0,1,0,0,1
src.java.org.apache.ivy.ant.IvyArtifactReport,1,1,0,0,2
URL,1,1,0,0,2
src.java.org.apache.ivy.osgi.p2.P2MetadataParser$MetaRequirementsHandler,1,1,0,0,2
AuthScheme,0,1,0,0,1
RetrieveEngineSettings,1,1,0,0,2
src.java.org.apache.ivy.osgi.p2.P2ArtifactParser$RepositoryHandler,1,1,0,0,2
StringWriter,1,1,0,0,2
src.java.org.apache.ivy.plugins.version.LatestVersionMatcher,1,1,0,0,2
src.java.org.apache.ivy.core.module.id.ModuleRules,1,1,0,0,2
test.java.org.apache.ivy.ant.IvyCleanCacheTest,0,1,0,0,1
java.lang.String,1,1,0,0,2
src.java.org.apache.ivy.util.FileResolver,1,1,0,0,2
FilterInputStream,0,1,0,0,1
src.java.org.apache.ivy.osgi.repo.AbstractOSGiResolver$RequirementStrategy,0,1,0,0,1
src.java.org.apache.ivy.plugins.repository.sftp.SFTPResource,0,1,0,0,1
src.java.org.apache.ivy.ant.AntBuildTrigger,1,1,0,0,2
src.java.org.apache.ivy.osgi.util.ParseUtil,1,1,0,0,2
URLConnection,0,1,0,0,1
test.java.org.apache.ivy.plugins.repository.vfs.VfsTestHelper,0,1,0,0,1
IllegalAccessException,1,1,0,0,2
MessageLoggerEngine,1,1,0,0,2
src.java.org.apache.ivy.core.settings.IvyPattern,1,1,0,0,2
XMLInputParser,0,1,0,0,1
RepoDescriptor,0,1,0,0,1
src.java.org.apache.ivy.osgi.updatesite.xml.EclipseUpdateSiteParser$CategoryHandler,0,1,0,0,1
BufferedReader,1,1,0,0,2
src.java.org.apache.ivy.plugins.matcher.AnyMatcher,1,1,0,0,2
test.java.org.apache.ivy.plugins.circular.WarnCircularDependencyStrategyTest,1,1,0,0,2
UIKeyboardInteractive,1,1,0,0,2
LazyResource,0,1,0,0,1
src.java.org.apache.ivy.osgi.p2.P2ArtifactParser$MappingsHandler,1,1,0,0,2
Task,1,1,0,0,2
src.example.multi-project.projects.list.src.list.Main,1,1,0,0,2
src.java.org.apache.ivy.tools.analyser.JarModule,1,1,0,0,2
src.java.org.apache.ivy.osgi.util.VersionRange,0,1,0,0,1
src.java.org.apache.ivy.core.search.SearchEngine,0,1,0,0,1
src.java.org.apache.ivy.core.sort.ModuleDescriptorSorter,0,1,0,0,1
src.java.org.apache.ivy.osgi.core.OsgiLatestStrategy$MridComparator,0,1,0,0,1
src.java.org.apache.ivy.ant.IvyCheck,1,1,0,0,2
Trigger,1,1,0,0,2
src.java.org.apache.ivy.core.sort.SortEngine,0,1,0,0,1
MockMessageLogger,1,1,0,0,2
FileObject,0,1,0,0,1
src.java.org.apache.ivy.core.module.descriptor.Configuration,0,1,0,0,1
ErrorHandler,0,1,0,0,1
test.java.org.apache.ivy.ant.IvyPostResolveTaskTest,0,1,0,0,1
test.java.org.apache.ivy.plugins.conflict.LatestConflictManagerTest,1,1,0,0,2
src.java.org.apache.ivy.plugins.repository.Repository,0,1,0,0,1
src.java.org.apache.ivy.plugins.resolver.IBiblioResolver,1,1,0,0,2
src.java.org.apache.ivy.plugins.namespace.NameSpaceHelper,0,1,0,0,1
DependencyResolver,0,1,0,0,1
src.java.org.apache.ivy.core.cache.DownloadListener,1,1,0,0,2
IvyVariableContainerImpl,1,1,0,0,2
src.java.org.apache.ivy.plugins.version.ChainVersionMatcher,1,1,0,0,2
test.java.org.apache.ivy.util.ConfiguratorTest$Flat,0,1,0,0,1
IvyPublish,0,1,0,0,1
src.java.org.apache.ivy.osgi.obr.xml.Requirement,0,1,0,0,1
File,1,1,0,0,2
src.example.multi-project.projects.console.src.console.Main,1,1,0,0,2
IvyResources,0,1,0,0,1
src.java.org.apache.ivy.core.repository.RepositoryManagementEngine,0,1,0,0,1
src.java.org.apache.ivy.plugins.repository.ssh.SshResource,1,1,0,0,2
IvySettings,1,1,0,0,2
InstallOptions,1,1,0,0,2
test.java.org.apache.ivy.core.repository.RepositoryManagementEngineTest,1,1,0,0,2
UpdateSiteResolver,1,1,0,0,2
test.java.org.apache.ivy.osgi.core.ManifestParserTest,1,1,0,0,2
test.java.org.apache.ivy.plugins.version.VersionRangeMatcherTest,1,1,0,0,2
src.java.org.apache.ivy.osgi.p2.P2CompositeParser$RepositoryHandler,1,1,0,0,2
AbstractURLHandler,0,1,0,0,1
DefaultPublishingDRResolver,1,1,0,0,2
src.java.org.apache.ivy.plugins.repository.LazyResource,1,1,0,0,2
test.java.org.apache.ivy.plugins.resolver.PackagerResolverTest,1,1,0,0,2
ClassLoader,1,1,0,0,2
src.java.org.apache.ivy.plugins.resolver.DependencyResolver,1,1,0,0,2
test.java.org.apache.ivy.ant.IvyInstallTest,0,1,0,0,1
src.java.org.apache.ivy.core.cache.DefaultResolutionCacheManager$MapURLResolver,1,1,0,0,2
src.java.org.apache.ivy.plugins.matcher.MapMatcher,1,1,0,0,2
src.java.org.apache.ivy.plugins.resolver.BasicResolver,1,1,0,0,2
src.java.org.apache.ivy.core.sort.SilentNonMatchingVersionReporter,1,1,0,0,2
src.java.org.apache.ivy.plugins.conflict.AbstractConflictManager,0,1,0,0,1
src.java.org.apache.ivy.ant.IvyDeliver,1,1,0,0,2
BuildFileTest,1,1,0,0,2
src.java.org.apache.ivy.core.resolve.IvyNodeUsage,1,1,0,0,2
src.java.org.apache.ivy.util.ContextualSAXHandler,1,1,0,0,2
FileNameMapper,1,1,0,0,2
Manifest,0,1,0,0,1
VfsRepository,0,1,0,0,1
ModuleDescriptor,1,1,0,0,2
src.java.org.apache.ivy.plugins.latest.AbstractLatestStrategy,0,1,0,0,1
CommandLine,1,1,0,0,2
InheritableItem,1,1,0,0,2
src.example.configurations.multi-projects.filter-framework.src.filter.ccimpl.CCFilter,1,1,0,0,2
src.java.org.apache.ivy.core.cache.RepositoryCacheManager,1,1,0,0,2
src.java.org.apache.ivy.plugins.lock.ArtifactLockStrategy,1,1,0,0,2
src.java.org.apache.ivy.ant.AntMessageLogger,1,1,0,0,2
src.java.org.apache.ivy.ant.PackageMapping,1,1,0,0,2
src.example.multi-project.projects.list.src.list.ListFile,1,1,0,0,2
src.java.org.apache.ivy.plugins.resolver.packager.BuiltFileResource,1,1,0,0,2
src.java.org.apache.ivy.plugins.parser.m2.PomModuleDescriptorWriter$IvyVariableContainerWrapper,0,1,0,0,1
src.java.org.apache.ivy.plugins.resolver.util.ResourceMDParser,0,1,0,0,1
test.java.org.apache.ivy.plugins.resolver.MockResolver,0,1,0,0,1
Document,1,1,0,0,2
src.java.org.apache.ivy.ant.IvyDependencyConf,1,1,0,0,2
src.java.org.apache.ivy.util.url.BasicURLHandler$HttpStatus,0,1,0,0,1
ThreadLocal,0,1,0,0,1
src.java.org.apache.ivy.osgi.core.BundleInfoAdapter,0,1,0,0,1
src.java.org.apache.ivy.util.cli.CommandLine,0,1,0,0,1
src.java.org.apache.ivy.core.module.descriptor.ExtendsDescriptor,0,1,0,0,1
src.java.org.apache.ivy.osgi.p2.P2MetadataParser$ToHandler,1,1,0,0,2
src.java.org.apache.ivy.core.module.descriptor.DefaultExtendsDescriptor,1,1,0,0,2
src.java.org.apache.ivy.plugins.matcher.GlobPatternMatcher,0,1,0,0,1
test.java.org.apache.ivy.ant.IvyDeliverTest,1,1,0,0,2
src.java.org.apache.ivy.ant.IvyExtractFromSources,1,1,0,0,2
src.java.org.apache.ivy.osgi.util.Version,0,1,0,0,1
src.java.org.apache.ivy.plugins.parser.xml.XmlModuleDescriptorUpdater$UpdaterHandler,1,1,0,0,2
src.java.org.apache.ivy.core.cache.ModuleDescriptorProvider,1,1,0,0,2
src.java.org.apache.ivy.osgi.obr.xml.UnsupportedFilterException,1,1,0,0,2
test.java.org.apache.ivy.plugins.resolver.URLResolverTest,1,1,0,0,2
URLInfo,0,1,0,0,1
test.java.org.apache.ivy.core.resolve.ResolveEngineTest,1,1,0,0,2
test.java.org.apache.ivy.plugins.parser.m2.PomModuleDescriptorParserTest,0,1,0,0,1
Project,0,1,0,0,1
src.java.org.apache.ivy.osgi.core.OSGiManifestParser,1,1,0,0,2
SortedMap,1,1,0,0,2
CacheResourceOptions,0,1,0,0,1
src.java.org.apache.ivy.plugins.latest.LatestLexicographicStrategy,1,1,0,0,2
test.java.org.apache.ivy.ant.AntBuildTriggerTest,1,1,0,0,2
src.java.org.apache.ivy.core.search.OrganisationEntry,0,1,0,0,1
test.java.org.apache.ivy.plugins.resolver.ChainResolverTest,1,1,0,0,2
test.java.org.apache.ivy.osgi.updatesite.UpdateSiteLoaderTest,0,1,0,0,1
src.java.org.apache.ivy.ant.IvyExclude,1,1,0,0,2
src.java.org.apache.ivy.plugins.circular.WarnCircularDependencyStrategy,1,1,0,0,2
test.java.org.apache.ivy.plugins.conflict.RegexpConflictManagerTest,1,1,0,0,2
src.java.org.apache.ivy.core.report.ConfigurationResolveReport,0,1,0,0,1
test.java.org.apache.ivy.core.publish.PublishEventsTest$PostPublishTrigger,0,1,0,0,1
test.java.org.apache.ivy.core.publish.PublishEventsTest$InstrumentedResolver,0,1,0,0,1
test.java.org.apache.ivy.plugins.resolver.ResolverTestHelper,1,1,0,0,2
src.java.org.apache.ivy.util.filter.Filter,1,1,0,0,2
test.java.org.apache.ivy.util.CacheCleaner,1,1,0,0,2
src.java.org.apache.ivy.core.cache.CacheUtil,1,1,0,0,2
src.java.org.apache.ivy.core.cache.CacheDownloadOptions,1,1,0,0,2
src.java.org.apache.ivy.osgi.updatesite.xml.FeatureParser$FeatureHandler,0,1,0,0,1
IvyListModules,0,1,0,0,1
src.java.org.apache.ivy.core.NormalRelativeUrlResolver,1,1,0,0,2
src.java.org.apache.ivy.osgi.updatesite.PluginAdapter,0,1,0,0,1
src.java.org.apache.ivy.core.module.descriptor.ConfigurationIntersection,0,1,0,0,1
AbstractModuleDescriptorParserTester,0,1,0,0,1
MDArtifact,1,1,0,0,2
src.java.org.apache.ivy.osgi.p2.P2MetadataParser$FromHandler,1,1,0,0,2
src.java.org.apache.ivy.ant.IvyBuildNumber,1,1,0,0,2
src.java.org.apache.ivy.core.ExecutionRelativeUrlResolver,1,1,0,0,2
src.java.org.apache.ivy.plugins.conflict.FixedConflictManager,1,1,0,0,2
StringBuffer,0,1,0,0,1
NonMatchingVersionReporter,0,1,0,0,1
src.java.org.apache.ivy.util.url.HttpClientHandler$IvyCredentialsProvider,0,1,0,0,1
src.java.org.apache.ivy.util.XMLHelper,1,1,0,0,2
Runnable,0,1,0,0,1
src.java.org.apache.ivy.plugins.repository.sftp.SFTPRepository,0,1,0,0,1
src.java.org.apache.ivy.ant.AddPathTask,1,1,0,0,2
src.java.org.apache.ivy.osgi.repo.BundleCapabilityAndLocation,1,1,0,0,2
src.java.org.apache.ivy.ant.IvyConvertPom,1,1,0,0,2
src.java.org.apache.ivy.core.sort.NonMatchingVersionReporter,0,1,0,0,1
test.java.org.apache.ivy.core.publish.PublishEventsTest,0,1,0,0,1
src.java.org.apache.ivy.osgi.updatesite.xml.Require,0,1,0,0,1
src.java.org.apache.ivy.core.report.ResolveReport,0,1,0,0,1
src.java.org.apache.ivy.osgi.util.ZipUtil,0,1,0,0,1
src.java.org.apache.ivy.core.module.descriptor.AbstractArtifact,1,1,0,0,2
LockStrategy,1,1,0,0,2
Mapper,1,1,0,0,2
SearchEngine,0,1,0,0,1
IvyContext,1,1,0,0,2
src.java.org.apache.ivy.core.event.FilteredIvyListener,1,1,0,0,2
src.java.org.apache.ivy.core.RelativeUrlResolver,1,1,0,0,2
src.java.org.apache.ivy.plugins.lock.FileBasedLockStrategy,1,1,0,0,2
ClassNotFoundException,1,1,0,0,2
src.java.org.apache.ivy.osgi.p2.P2MetadataParser,1,1,0,0,2
test.java.org.apache.ivy.core.install.InstallTest,1,1,0,0,2
src.java.org.apache.ivy.core.module.descriptor.DependencyArtifactDescriptor,0,1,0,0,1
src.java.org.apache.ivy.plugins.latest.LatestTimeStrategy,1,1,0,0,2
src.java.org.apache.ivy.core.cache.DefaultRepositoryCacheManager$MyModuleDescriptorProvider,1,1,0,0,2
src.java.org.apache.ivy.core.module.descriptor.ModuleDescriptor,0,1,0,0,1
PGPException,0,1,0,0,1
src.java.org.apache.ivy.plugins.repository.ResourceDownloader,1,1,0,0,2
src.java.org.apache.ivy.osgi.obr.xml.OBRXMLParser$CapabilityPropertyHandler,0,1,0,0,1
src.java.org.apache.ivy.core.module.descriptor.DefaultDependencyArtifactDescriptor,1,1,0,0,2
test.java.org.apache.ivy.core.cache.DefaultRepositoryCacheManagerTest,1,1,0,0,2
src.java.org.apache.ivy.osgi.updatesite.xml.FeatureParser$ImportHandler,0,1,0,0,1
Long,0,1,0,0,1
src.java.org.apache.ivy.core.cache.DefaultRepositoryCacheManager,1,1,0,0,2
RepositoryCopyProgressListener,0,1,0,0,1
src.java.org.apache.ivy.util.filter.OrFilter,1,1,0,0,2
test.custom-classpath.org.apache.ivy.plugins.resolver.CustomResolver,1,1,0,0,2
src.java.org.apache.ivy.plugins.latest.LatestStrategy,0,1,0,0,1
DefaultModuleDescriptor,0,1,0,0,1
src.java.org.apache.ivy.core.cache.DefaultResolutionCacheManager$CacheParserSettings,1,1,0,0,2
src.java.org.apache.ivy.core.sort.SortEngineSettings,0,1,0,0,1
Operator,0,1,0,0,1
src.java.org.apache.ivy.core.event.download.EndArtifactDownloadEvent,1,1,0,0,2
test.java.org.apache.ivy.util.url.ArtifactoryListingTest,1,1,0,0,2
src.java.org.apache.ivy.plugins.parser.xml.XmlModuleDescriptorParser$Parser$State,1,1,0,0,2
src.java.org.apache.ivy.osgi.obr.filter.CompareFilter,0,1,0,0,1
ResolveProcessException,0,1,0,0,1
HttpURLConnection,0,1,0,0,1
src.example.hello-ivy.src.example.Hello,1,1,0,0,2
src.java.org.apache.ivy.util.filter.FilterHelper,1,1,0,0,2
ConfigurationResolveReport,1,1,0,0,2
src.java.org.apache.ivy.plugins.version.VersionRangeMatcher,0,1,0,0,1
src.java.org.apache.ivy.osgi.obr.filter.RequirementFilterParser,0,1,0,0,1
src.java.org.apache.ivy.osgi.updatesite.xml.FeatureParser$CopyrightHandler,0,1,0,0,1
src.java.org.apache.ivy.core.module.descriptor.DependencyDescriptorMediator,0,1,0,0,1
src.java.org.apache.ivy.util.url.HttpClientHandler,0,1,0,0,1
InputStream,1,1,0,0,2
src.java.org.apache.ivy.osgi.p2.P2MetadataParser$RepositoryHandler,1,1,0,0,2
src.java.org.apache.ivy.plugins.repository.vfs.VfsResource,0,1,0,0,1
src.java.org.apache.ivy.osgi.obr.xml.OBRXMLParser,0,1,0,0,1
src.java.org.apache.ivy.osgi.obr.xml.CapabilityProperty,1,1,0,0,2
test.java.org.apache.ivy.core.module.id.ModuleIdTest,1,1,0,0,2
IvyReport,0,1,0,0,1
src.java.org.apache.ivy.plugins.matcher.ExactOrRegexpPatternMatcher,0,1,0,0,1
test.java.org.apache.ivy.plugins.report.XmlReportParserTest,1,1,0,0,2
src.java.org.apache.ivy.osgi.updatesite.xml.EclipseUpdateSiteParser$ArchiveHandler,0,1,0,0,1
src.java.org.apache.ivy.osgi.obr.xml.Capability,0,1,0,0,1
src.java.org.apache.ivy.plugins.parser.xml.XmlModuleDescriptorUpdater$ExtendedBuffer,1,1,0,0,2
Filter,1,1,0,0,2
src.java.org.apache.ivy.osgi.obr.xml.OBRXMLParser$ResourceDocumentationHandler,0,1,0,0,1
src.java.org.apache.ivy.osgi.obr.xml.OBRXMLParser$ResourceLicenseHandler,0,1,0,0,1
src.java.org.apache.ivy.plugins.parser.xml.XmlModuleDescriptorUpdater,1,1,0,0,2
IvyEvent,0,1,0,0,1
src.java.org.apache.ivy.plugins.resolver.util.MDResolvedResource,0,1,0,0,1
src.java.org.apache.ivy.util.HostUtil,1,1,0,0,2
src.java.org.apache.ivy.plugins.resolver.VsftpResolver,1,1,0,0,2
src.java.org.apache.ivy.osgi.core.ManifestParser,1,1,0,0,2
PublishingDependencyRevisionResolver,1,1,0,0,2
EclipsePlugin,0,1,0,0,1
Locator,0,1,0,0,1
src.java.org.apache.ivy.core.module.id.ArtifactId,0,1,0,0,1
src.java.org.apache.ivy.osgi.updatesite.xml.FeatureParser$LicenseHandler,0,1,0,0,1
src.java.org.apache.ivy.plugins.conflict.LatestCompatibleConflictManager,0,1,0,0,1
src.java.org.apache.ivy.plugins.repository.jar.JarResource,0,1,0,0,1
DefaultDependencyDescriptor,0,1,0,0,1
src.java.org.apache.ivy.ant.IvyMakePom,1,1,0,0,2
Boolean,1,1,0,0,2
src.java.org.apache.ivy.plugins.matcher.PatternMatcher,0,1,0,0,1
src.java.org.apache.ivy.util.MessageLoggerHelper,1,1,0,0,2
src.java.org.apache.ivy.plugins.conflict.LatestConflictManager,0,1,0,0,1
CircularDependencyException,0,1,0,0,1
src.java.org.apache.ivy.osgi.util.DelegetingHandler,0,1,0,0,1
src.java.org.apache.ivy.core.module.descriptor.IncludeRule,0,1,0,0,1
src.java.org.apache.ivy.plugins.repository.ssh.SshCache,1,1,0,0,2
src.java.org.apache.ivy.plugins.latest.LatestRevisionStrategy,0,1,0,0,1
src.java.org.apache.ivy.core.sort.SortOptions,0,1,0,0,1
UpdateSiteLoader,0,1,0,0,1
test.java.org.apache.ivy.ant.IvyCacheFilesetTest,0,1,0,0,1
DualResolver,0,1,0,0,1
src.java.org.apache.ivy.plugins.repository.ArtifactResourceResolver,1,1,0,0,2
src.java.org.apache.ivy.plugins.version.SubVersionMatcher,1,1,0,0,2
test.java.org.apache.ivy.plugins.repository.vfs.VfsResourceTest,1,1,0,0,2
IvyDeliver,1,1,0,0,2
src.java.org.apache.ivy.plugins.circular.CircularDependencyException,1,1,0,0,2
src.example.dependence.depender.src.depending.Main,1,1,0,0,2
java.lang.Throwable,0,1,0,0,1
src.java.org.apache.ivy.osgi.p2.P2MetadataParser$RequiredHandler,1,1,0,0,2
src.java.org.apache.ivy.core.resolve.IvyNodeCallers$Caller,1,1,0,0,2
ZipEntry,0,1,0,0,1
src.java.org.apache.ivy.ant.IvyConfigure,1,1,0,0,2
InterruptedException,0,1,0,0,1
URLHandler,0,1,0,0,1
src.example.configurations.multi-projects.filter-framework.test.filter.AbstractTestFilter,1,1,0,0,2
src.java.org.apache.ivy.osgi.obr.OBRResolver,1,1,0,0,2
test.java.org.apache.ivy.plugins.parser.xml.XmlModuleDescriptorWriterTest,1,1,0,0,2
test.java.org.apache.ivy.IvyTest,1,1,0,0,2
ThreadGroup,0,1,0,0,1
test.java.org.apache.ivy.plugins.repository.vfs.VfsRepositoryTest,0,1,0,0,1
test.java.org.apache.ivy.plugins.lock.ArtifactLockStrategyTest,0,1,0,0,1
PrintWriter,1,1,0,0,2
src.java.org.apache.ivy.core.resolve.ResolveData,1,1,0,0,2
IvyCachePath,0,1,0,0,1
src.java.org.apache.ivy.osgi.updatesite.xml.FeatureParser$RequiresHandler,0,1,0,0,1
TransferEvent,0,1,0,0,1
ResourceDownloader,1,1,0,0,2
src.java.org.apache.ivy.ant.AntCallTrigger,1,1,0,0,2
test.java.org.apache.ivy.osgi.updatesite.UpdateSiteAndIbiblioResolverTest,1,1,0,0,2
Artifact,0,1,0,0,1
test.java.org.apache.ivy.ant.IvyInfoRepositoryTest,1,1,0,0,2
PublishEngineSettings,1,1,0,0,2
CircularDependencyStrategy,0,1,0,0,1
src.java.org.apache.ivy.core.cache.DefaultRepositoryCacheManager$BackupResourceDownloader,1,1,0,0,2
src.java.org.apache.ivy.core.cache.ParserSettingsMonitor,1,1,0,0,2
src.java.org.apache.ivy.Ivy,1,1,0,0,2
src.java.org.apache.ivy.osgi.p2.P2MetadataParser$AbstractRequirementHandler,1,1,0,0,2
EvictionData,1,1,0,0,2
src.java.org.apache.ivy.ant.IvyTask,1,1,0,0,2
PublishEngine,0,1,0,0,1
test.java.org.apache.ivy.core.publish.PublishEventsTest$TestPublishTrigger,0,1,0,0,1
src.java.org.apache.ivy.plugins.repository.vsftp.VsftpResource,0,1,0,0,1
ArtifactId,0,1,0,0,1
Attributes,1,1,0,0,2
src.java.org.apache.ivy.plugins.resolver.FileSystemResolver,1,1,0,0,2
src.java.org.apache.ivy.plugins.lock.LockStrategy,1,1,0,0,2
CopyProgressEvent,0,1,0,0,1
Concat,1,1,0,0,2
ApacheURLLister,1,1,0,0,2
src.java.org.apache.ivy.core.search.RevisionEntry,0,1,0,0,1
src.java.org.apache.ivy.osgi.p2.P2MetadataParser$LifeCycleHandler,1,1,0,0,2
java.text.ParseException,1,1,0,0,2
src.java.org.apache.ivy.core.cache.ModuleDescriptorWriter,1,1,0,0,2
ConflictManager,1,1,0,0,2
test.java.org.apache.ivy.core.module.id.ModuleRulesTest$MridMatcherBuilder,0,1,0,0,1
src.java.org.apache.ivy.plugins.report.XmlReportOutputter,1,1,0,0,2
src.java.org.apache.ivy.Main,1,1,0,0,2
Channel,1,1,0,0,2
ModuleRevisionId,1,1,0,0,2
ArtifactDownloadReport,1,1,0,0,2
ListIterator,0,1,0,0,1
src.java.org.apache.ivy.osgi.obr.filter.OrFilter,0,1,0,0,1
ChannelExec,1,1,0,0,2
src.java.org.apache.ivy.osgi.p2.P2MetadataParser$ScopeHandler,1,1,0,0,2
src.java.org.apache.ivy.ant.IvyExtractFromSources$Ignore,1,1,0,0,2
src.java.org.apache.ivy.plugins.repository.file.FileRepository,0,1,0,0,1
AbstractOSGiResolver,1,1,0,0,2
src.java.org.apache.ivy.core.module.descriptor.ConfigurationGroup,0,1,0,0,1
src.java.org.apache.ivy.core.resolve.IvyNodeUsage$Depender,1,1,0,0,2
src.java.org.apache.ivy.osgi.core.ManifestHeaderValue$ManifestHeaderParser,0,1,0,0,1
test.java.org.apache.ivy.util.ConfiguratorTest$Housing,0,1,0,0,1
CacheDownloadOptions,1,1,0,0,2
src.java.org.apache.ivy.plugins.parser.m2.PomModuleDescriptorBuilder$ConfMapper,0,1,0,0,1
src.java.org.apache.ivy.osgi.updatesite.xml.FeatureParser$DescriptionHandler,0,1,0,0,1
TransformerHandler,1,1,0,0,2
test.java.org.apache.ivy.osgi.core.ExecutionEnvironmentProfileLoaderTest,1,1,0,0,2
DeliverEngine,1,1,0,0,2
src.java.org.apache.ivy.ant.IvyMakePom$Mapping,1,1,0,0,2
OrganisationEntry,1,1,0,0,2
src.java.org.apache.ivy.plugins.repository.url.URLResource,1,1,0,0,2
MockResolver,0,1,0,0,1
test.java.org.apache.ivy.ant.IvyResourcesTest,0,1,0,0,1
src.java.org.apache.ivy.plugins.resolver.RepositoryResolver,1,1,0,0,2
src.java.org.apache.ivy.plugins.resolver.SshResolver,1,1,0,0,2
test.java.org.apache.ivy.ant.IvyListModulesTest,0,1,0,0,1
src.java.org.apache.ivy.util.url.HttpClientHandler$FileRequestEntity,0,1,0,0,1
test.java.org.apache.ivy.ant.AntTestHelper,1,1,0,0,2
src.java.org.apache.ivy.plugins.parser.m2.PomDependencyMgt,0,1,0,0,1
src.java.org.apache.ivy.core.module.descriptor.AbstractIncludeExcludeRule,1,1,0,0,2
WeakReference,0,1,0,0,1
src.java.org.apache.ivy.plugins.conflict.RegexpConflictManager,1,1,0,0,2
src.java.org.apache.ivy.ant.IvyConflict,1,1,0,0,2
src.java.org.apache.ivy.core.cache.DefaultResolutionCacheManager,1,1,0,0,2
test.java.org.apache.ivy.util.url.BasicURLHandlerTest,0,1,0,0,1
src.java.org.apache.ivy.core.sort.MessageBasedNonMatchingVersionReporter,1,1,0,0,2
src.java.org.apache.ivy.plugins.version.ExactVersionMatcher,1,1,0,0,2
src.java.org.apache.ivy.osgi.p2.P2ArtifactParser,1,1,0,0,2
ChainResolver,1,1,0,0,2
CacheMetadataOptions,1,1,0,0,2
src.java.org.apache.ivy.util.filter.NotFilter,1,1,0,0,2
src.java.org.apache.ivy.core.module.descriptor.Configuration$Visibility,0,1,0,0,1
test.java.org.apache.ivy.osgi.util.VersionRangeTest,1,1,0,0,2
src.java.org.apache.ivy.core.deliver.DeliverOptions,0,1,0,0,1
test.java.org.apache.ivy.osgi.obr.OBRResolverTest,0,1,0,0,1
Date,1,1,0,0,2
test.java.org.apache.ivy.core.resolve.ResolveTest,1,1,0,0,2
src.java.org.apache.ivy.plugins.report.LogReportOutputter,1,1,0,0,2
src.java.org.apache.ivy.plugins.resolver.util.ResolvedResource,0,1,0,0,1
src.java.org.apache.ivy.osgi.p2.P2ArtifactParser$ArtifactsHandler,1,1,0,0,2
SimpleDateFormat,0,1,0,0,1
RelativeUrlResolver,1,1,0,0,2
Session,1,1,0,0,2
src.example.multi-project.projects.size.src.size.FileSize,1,1,0,0,2
src.java.org.apache.ivy.ant.IvyDependencyExclude,1,1,0,0,2
DependencyDescriptor,1,1,0,0,2
src.java.org.apache.ivy.plugins.parser.m2.PomReader$PomDependencyData,0,1,0,0,1
ResolutionCacheManager,0,1,0,0,1
src.java.org.apache.ivy.osgi.obr.xml.RequirementAdapter,0,1,0,0,1
src.java.org.apache.ivy.plugins.repository.AbstractRepository,0,1,0,0,1
src.java.org.apache.ivy.plugins.repository.ssh.Scp,1,1,0,0,2
src.java.org.apache.ivy.ant.IvyDependencyArtifact,1,1,0,0,2
src.java.org.apache.ivy.core.module.descriptor.DependencyDescriptor,0,1,0,0,1
test.java.org.apache.ivy.core.publish.PublishEngineTest,1,1,0,0,2
src.java.org.apache.ivy.osgi.updatesite.xml.FeatureParser$InstallHandlerHandler,0,1,0,0,1
HeadMethod,0,1,0,0,1
test.java.org.apache.ivy.plugins.matcher.GlobPatternMatcherTest,1,1,0,0,2
ParserSettings,1,1,0,0,2
src.java.org.apache.ivy.core.sort.WarningNonMatchingVersionReporter,1,1,0,0,2
src.java.org.apache.ivy.core.report.MetadataArtifactDownloadReport,1,1,0,0,2
src.java.org.apache.ivy.plugins.resolver.JarResolver,1,1,0,0,2
src.java.org.apache.ivy.osgi.updatesite.xml.EclipseUpdateSiteParser$FeatureHandler,0,1,0,0,1
Method,1,1,0,0,2
src.java.org.apache.ivy.core.report.ArtifactDownloadReport,0,1,0,0,1
src.java.org.apache.ivy.osgi.updatesite.xml.EclipsePlugin,0,1,0,0,1
src.java.org.apache.ivy.plugins.matcher.AbstractPatternMatcher,0,1,0,0,1
src.java.org.apache.ivy.core.resolve.IvyNodeEviction,1,1,0,0,2
test.java.org.apache.ivy.util.IvyPatternHelperTest,1,1,0,0,2
src.java.org.apache.ivy.core.resolve.RestartResolveProcess,1,1,0,0,2
src.java.org.apache.ivy.ant.IvyOverride,1,1,0,0,2
Set,1,1,0,0,2
test.java.org.apache.ivy.plugins.repository.vfs.VfsURI,1,1,0,0,2
Matcher,0,1,0,0,1
src.java.org.apache.ivy.core.module.descriptor.InheritableItem,0,1,0,0,1
DynamicAttribute,1,1,0,0,2
src.java.org.apache.ivy.osgi.updatesite.xml.FeatureParser$PluginHandler,0,1,0,0,1
test.java.org.apache.ivy.plugins.latest.LatestRevisionStrategyTest,0,1,0,0,1
src.java.org.apache.ivy.osgi.util.VersionRange$VersionRangeParser,0,1,0,0,1
FilenameFilter,0,1,0,0,1
test.java.org.apache.ivy.ant.AntCallTriggerTest,0,1,0,0,1
src.java.org.apache.ivy.util.MessageLoggerEngine,1,1,0,0,2
EventListenerList,0,1,0,0,1
DataType,1,1,0,0,2
ParserConfigurationException,1,1,0,0,2
IvyCacheFileset,0,1,0,0,1
src.java.org.apache.ivy.osgi.p2.P2Descriptor,1,1,0,0,2
src.java.org.apache.ivy.plugins.lock.FileBasedLockStrategy$NIOFileLocker,1,1,0,0,2
src.java.org.apache.ivy.util.ChecksumHelper,1,1,0,0,2
StatusManager,1,1,0,0,2
test.java.org.apache.ivy.ant.IvyArtifactPropertyTest,0,1,0,0,1
src.java.org.apache.ivy.plugins.repository.ssh.SshCache$Entry,1,1,0,0,2
PublishOptions,0,1,0,0,1
src.java.org.apache.ivy.osgi.p2.P2Artifact,1,1,0,0,2
Repository,1,1,0,0,2
src.java.org.apache.ivy.core.module.id.ArtifactRevisionId,0,1,0,0,1
src.java.org.apache.ivy.util.filter.ArtifactTypeFilter,1,1,0,0,2
PomDependencyData,0,1,0,0,1
Caller,1,1,0,0,2
src.java.org.apache.ivy.core.settings.IvySettings$ModuleSettings,1,1,0,0,2
HttpClient,0,1,0,0,1
src.java.org.apache.ivy.util.cli.OptionBuilder,1,1,0,0,2
src.example.multi-project.projects.find.src.find.Main,1,1,0,0,2
ConfigurationScopeMapping,0,1,0,0,1
InputSource,1,1,0,0,2
src.java.org.apache.ivy.tools.analyser.JarModuleFinder,1,1,0,0,2
src.java.org.apache.ivy.core.event.download.DownloadEvent,1,1,0,0,2
src.java.org.apache.ivy.plugins.report.XmlReportParser$SaxXmlReportParser,1,1,0,0,2
src.java.org.apache.ivy.core.resolve.IvyNodeUsage$NodeConf,1,1,0,0,2
ResolverSettings,0,1,0,0,1
Comparator,0,1,0,0,1
BundleInfo,0,1,0,0,1
Version,0,1,0,0,1
AbstractModuleDescriptorParser,0,1,0,0,1
List,1,1,0,0,2
src.java.org.apache.ivy.util.url.AbstractURLHandler,0,1,0,0,1
src.java.org.apache.ivy.core.LogOptions,1,1,0,0,2
src.java.org.apache.ivy.osgi.repo.ResolverManifestIterable,0,1,0,0,1
src.java.org.apache.ivy.osgi.obr.xml.OBRXMLParser$RequireHandler,0,1,0,0,1
src.java.org.apache.ivy.plugins.signer.SignatureGenerator,1,1,0,0,2
test.java.org.apache.ivy.core.TestPerformance,1,1,0,0,2
src.java.org.apache.ivy.core.module.descriptor.License,0,1,0,0,1
src.java.org.apache.ivy.core.sort.CollectionOfModulesToSort,0,1,0,0,1
src.java.org.apache.ivy.plugins.repository.RepositoryCopyProgressListener,0,1,0,0,1
LinkedList,1,1,0,0,2
src.java.org.apache.ivy.plugins.matcher.RegexpPatternMatcher$RegexpMatcher,0,1,0,0,1
src.java.org.apache.ivy.util.url.BasicURLHandler,0,1,0,0,1
src.java.org.apache.ivy.util.CopyProgressEvent,1,1,0,0,2
src.java.org.apache.ivy.tools.analyser.RepositoryAnalyser,1,1,0,0,2
DTDHandler,0,1,0,0,1
src.java.org.apache.ivy.ant.IvyReport,1,1,0,0,2
VsftpRepository,1,1,0,0,2
src.java.org.apache.ivy.ant.IvyAntVariableContainer,1,1,0,0,2
src.java.org.apache.ivy.osgi.updatesite.xml.FeatureParser$IncludesHandler,0,1,0,0,1
BaseResourceCollectionWrapper,1,1,0,0,2
src.java.org.apache.ivy.plugins.resolver.ChainResolver,1,1,0,0,2
src.java.org.apache.ivy.osgi.updatesite.xml.UpdateSiteDigestParser$DigestHandler,0,1,0,0,1
src.java.org.apache.ivy.osgi.util.VersionComparator,1,1,0,0,2
test.java.org.apache.ivy.core.NormalRelativeUrlResolverTest,0,1,0,0,1
src.java.org.apache.ivy.plugins.parser.xml.XmlModuleDescriptorParser,1,1,0,0,2
src.java.org.apache.ivy.plugins.namespace.MRIDTransformationRule$MridRuleMatcher,0,1,0,0,1
src.java.org.apache.ivy.osgi.p2.P2MetadataParser$UnitHandler,1,1,0,0,2
BasicResolver,0,1,0,0,1
src.java.org.apache.ivy.plugins.parser.m2.DefaultPomDependencyMgt,1,1,0,0,2
src.java.org.apache.ivy.plugins.report.XmlReportParser,1,1,0,0,2
src.java.org.apache.ivy.plugins.repository.ssh.AbstractSshBasedRepository,1,1,0,0,2
TransformerFactoryConfigurationError,1,1,0,0,2
src.java.org.apache.ivy.core.event.publish.StartArtifactPublishEvent,1,1,0,0,2
src.java.org.apache.ivy.plugins.conflict.NoConflictManager,1,1,0,0,2
src.java.org.apache.ivy.plugins.latest.LatestRevisionStrategy$SpecialMeaning,0,1,0,0,1
CredentialsNotAvailableException,0,1,0,0,1
FileSystemManager,0,1,0,0,1
ReportOutputter,0,1,0,0,1
src.java.org.apache.ivy.plugins.resolver.URLResolver,1,1,0,0,2
DefaultHandler,1,1,0,0,2
src.example.configurations.multi-projects.myapp.src.myapp.Main,1,1,0,0,2
src.example.multi-project.projects.sizewhere.src.sizewhere.Main,1,1,0,0,2
DocumentBuilder,1,1,0,0,2
XSLTProcess.Param,1,1,0,0,2
test.java.org.apache.ivy.util.ConfiguratorTest,0,1,0,0,1
src.java.org.apache.ivy.osgi.repo.BundleRepoDescriptor,1,1,0,0,2
src.java.org.apache.ivy.plugins.conflict.LatestConflictManager$NoConflictResolvedYetException,0,1,0,0,1
PomWriterOptions,1,1,0,0,2
src.java.org.apache.ivy.plugins.repository.jar.JarRepository,1,1,0,0,2
JPanel,1,1,0,0,2
MalformedURLException,0,1,0,0,1
src.java.org.apache.ivy.core.report.DownloadReport,0,1,0,0,1
src.java.org.apache.ivy.plugins.latest.ArtifactInfo,0,1,0,0,1
src.java.org.apache.ivy.plugins.matcher.MatcherHelper,1,1,0,0,2
src.java.org.apache.ivy.core.settings.XmlSettingsParser$IvyVariableContainerWrapper,1,1,0,0,2
IvyResolve,0,1,0,0,1
test.java.org.apache.ivy.ant.IvyAntSettingsBuildFileTest,1,1,0,0,2
ModuleDescriptorParser,0,1,0,0,1
src.java.org.apache.ivy.plugins.resolver.util.FileURLLister,1,1,0,0,2
src.java.org.apache.ivy.core.cache.ResolutionCacheManager,1,1,0,0,2
src.java.org.apache.ivy.plugins.latest.LatestRevisionStrategy$ArtifactInfoComparator,0,1,0,0,1
PropertiesFile,1,1,0,0,2
src.java.org.apache.ivy.osgi.core.ExecutionEnvironmentProfileProvider,0,1,0,0,1
test.java.org.apache.ivy.ant.IvyRetrieveBuildFileTest,1,1,0,0,2
test.java.org.apache.ivy.osgi.updatesite.UpdateSiteResolverTest,1,1,0,0,2
Vector,0,1,0,0,1
src.java.org.apache.ivy.ant.IvyArtifactProperty,1,1,0,0,2
src.java.org.apache.ivy.osgi.updatesite.xml.EclipseUpdateSiteParser,0,1,0,0,1
src.java.org.apache.ivy.plugins.repository.TransferListener,0,1,0,0,1
src.java.org.apache.ivy.osgi.obr.filter.UniOperatorFilter,0,1,0,0,1
src.java.org.apache.ivy.plugins.resolver.AbstractSshBasedResolver,1,1,0,0,2
test.java.org.apache.ivy.plugins.latest.LatestRevisionStrategyTest$MockArtifactInfo,0,1,0,0,1
src.java.org.apache.ivy.core.event.IvyListener,0,1,0,0,1
JCheckBox,1,1,0,0,2
src.java.org.apache.ivy.core.event.IvyEvent,0,1,0,0,1
test.java.org.apache.ivy.ant.IvyBuildListTest,0,1,0,0,1
NormalRelativeUrlResolver,0,1,0,0,1
src.java.org.apache.ivy.core.resolve.ResolveOptions,1,1,0,0,2
Map,1,1,0,0,2
test.java.org.apache.ivy.plugins.parser.xml.XmlModuleDescriptorParserTest,1,1,0,0,2
src.java.org.apache.ivy.osgi.core.BundleCapability,0,1,0,0,1
src.java.org.apache.ivy.util.Configurator$Attribute,1,1,0,0,2
src.java.org.apache.ivy.osgi.repo.RepositoryManifestIterable,1,1,0,0,2
Reader,0,1,0,0,1
TestFixture,1,1,0,0,2
src.java.org.apache.ivy.plugins.parser.m2.PomModuleDescriptorWriter,0,1,0,0,1
src.java.org.apache.ivy.util.HexEncoder,1,1,0,0,2
src.java.org.apache.ivy.util.Configurator,1,1,0,0,2
src.java.org.apache.ivy.osgi.updatesite.UpdateSiteDescriptor,0,1,0,0,1
src.java.org.apache.ivy.osgi.obr.xml.CapabilityAdapter,0,1,0,0,1
NamespaceTransformer,0,1,0,0,1
src.java.org.apache.ivy.core.resolve.IvyNodeCallers,1,1,0,0,2
src.java.org.apache.ivy.ant.IvyRepositoryReport,1,1,0,0,2
test.java.org.apache.ivy.core.event.IvyEventFilterTest,1,1,0,0,2
test.java.org.apache.ivy.ant.IvyRepositoryReportTest,0,1,0,0,1
FileSet,1,1,0,0,2
ArtifactOrigin,0,1,0,0,1
ExtendableItem,1,1,0,0,2
DownloadOptions,1,1,0,0,2
src.java.org.apache.ivy.plugins.resolver.AbstractResolver,1,1,0,0,2
DownloadListener,1,1,0,0,2
src.java.org.apache.ivy.plugins.circular.AbstractCircularDependencyStrategy,1,1,0,0,2
IvyBuildList,0,1,0,0,1
src.java.org.apache.ivy.osgi.core.ExportPackage,1,1,0,0,2
DateFormat,1,1,0,0,2
src.java.org.apache.ivy.plugins.version.Match$NoMatchMatcher,0,1,0,0,1
src.java.org.apache.ivy.util.Credentials,1,1,0,0,2
src.java.org.apache.ivy.plugins.parser.xml.UpdateOptions,1,1,0,0,2
src.example.multi-project.projects.find.src.find.FindFile,1,1,0,0,2
src.java.org.apache.ivy.osgi.repo.RelativeURLRepository,1,1,0,0,2
HttpClientHandler,0,1,0,0,1
DefaultArtifact,0,1,0,0,1
InstantiationException,1,1,0,0,2
ResourceCollection,1,1,0,0,2
TransferListener,0,1,0,0,1
src.java.org.apache.ivy.core.cache.CacheMetadataOptions,1,1,0,0,2
src.java.org.apache.ivy.ant.ConvertManifestTask,1,1,0,0,2
src.java.org.apache.ivy.plugins.circular.CircularDependencyHelper,1,1,0,0,2
HashMap,0,1,0,0,1
VersionRange,1,1,0,0,2
src.java.org.apache.ivy.core.resolve.ResolvedModuleRevision,1,1,0,0,2
src.java.org.apache.ivy.plugins.resolver.SFTPResolver,1,1,0,0,2
BundleRequirement,0,1,0,0,1
MDResolvedResource,0,1,0,0,1
src.java.org.apache.ivy.plugins.repository.TransferEvent,0,1,0,0,1
test.java.org.apache.ivy.core.sort.SortTest,0,1,0,0,1
IvyRepositoryReport,0,1,0,0,1
test.java.org.apache.ivy.util.ConfiguratorTest$Tree,0,1,0,0,1
src.java.org.apache.ivy.osgi.obr.xml.OBRXMLWriter,0,1,0,0,1
test.java.org.apache.ivy.core.deliver.DeliverTest,1,1,0,0,2
src.java.org.apache.ivy.core.module.descriptor.DefaultDependencyDescriptor,0,1,0,0,1
src.java.org.apache.ivy.osgi.updatesite.UpdateSiteResolver,1,1,0,0,2
src.java.org.apache.ivy.plugins.lock.NoLockStrategy,1,1,0,0,2
src.java.org.apache.ivy.util.filter.AndFilter,1,1,0,0,2
src.java.org.apache.ivy.util.Configurator$ObjectDescriptor,1,1,0,0,2
src.java.org.apache.ivy.osgi.p2.PropertiesParser,1,1,0,0,2
EntityResolver,1,1,0,0,2
ArtifactResourceResolver,1,1,0,0,2
src.java.org.apache.ivy.plugins.version.AbstractVersionMatcher,0,1,0,0,1
src.java.org.apache.ivy.osgi.updatesite.UpdateSiteLoader,0,1,0,0,1
src.java.org.apache.ivy.plugins.latest.ComparatorLatestStrategy,0,1,0,0,1
test.java.org.apache.ivy.ant.IvyArtifactReportTest,0,1,0,0,1
InvocationTargetException,1,1,0,0,2
SortEngine,0,1,0,0,1
src.java.org.apache.ivy.osgi.core.ManifestHeaderElement,0,1,0,0,1
CheckEngine,1,1,0,0,2
FileOutputStream,1,1,0,0,2
Collection,1,1,0,0,2
Visibility,0,1,0,0,1
src.java.org.apache.ivy.core.sort.SimpleSortEngineSettings,1,1,0,0,2
src.java.org.apache.ivy.core.cache.ArtifactOrigin,1,1,0,0,2
src.java.org.apache.ivy.osgi.updatesite.xml.Archive,0,1,0,0,1
src.java.org.apache.ivy.osgi.repo.AbstractFSManifestIterable$FSManifestIterator,0,1,0,0,1
IBiblioResolver,1,1,0,0,2
test.java.org.apache.ivy.core.retrieve.RetrieveTest,1,1,0,0,2
src.java.org.apache.ivy.core.repository.RepositoryManagementEngineSettings,0,1,0,0,1
src.java.org.apache.ivy.plugins.resolver.CacheResolver,1,1,0,0,2
DefaultExtendableItem,0,1,0,0,1
src.java.org.apache.ivy.util.url.URLHandler$URLInfo,0,1,0,0,1
src.java.org.apache.ivy.util.Configurator$Element,1,1,0,0,2
ExportPackage,0,1,0,0,1
src.java.org.apache.ivy.osgi.p2.P2MetadataParser$ArtifactsHandler,1,1,0,0,2
src.java.org.apache.ivy.core.event.resolve.ResolveDependencyEvent,1,1,0,0,2
test.java.org.apache.ivy.plugins.resolver.FileSystemResolverTest,1,1,0,0,2
src.java.org.apache.ivy.plugins.parser.m2.PomReader,0,1,0,0,1
test.java.org.apache.ivy.plugins.resolver.IBiblioResolverTest,1,1,0,0,2
src.java.org.apache.ivy.core.cache.ModuleDescriptorMemoryCache,1,1,0,0,2
src.java.org.apache.ivy.core.settings.IvyVariableContainerImpl,1,1,0,0,2
test.java.org.apache.ivy.core.publish.PublishEventsTest$PrePublishTrigger,0,1,0,0,1
test.java.org.apache.ivy.plugins.report.XmlReportWriterTest,1,1,0,0,2
src.java.org.apache.ivy.plugins.lock.DeleteOnExitHook,1,1,0,0,2
src.java.org.apache.ivy.core.deliver.DeliverEngine,0,1,0,0,1
IvyRetrieve,0,1,0,0,1
src.java.org.apache.ivy.plugins.report.XmlReportParser$SaxXmlReportParser$XmlReportParserHandler,1,1,0,0,2
test.java.org.apache.ivy.ant.IvyCachePathTest,0,1,0,0,1
src.java.org.apache.ivy.osgi.p2.P2CompositeParser,1,1,0,0,2
src.java.org.apache.ivy.ant.IvyAntSettings,1,1,0,0,2
src.java.org.apache.ivy.plugins.repository.vsftp.VsftpRepository,0,1,0,0,1
BundleCapability,0,1,0,0,1
JSchException,1,1,0,0,2
AbstractParser,1,1,0,0,2
Configuration,1,1,0,0,2
OutputStream,0,1,0,0,1
src.java.org.apache.ivy.Ivy$IvyCallback,1,1,0,0,2
src.java.org.apache.ivy.plugins.repository.ssh.SshRepository,1,1,0,0,2
test.java.org.apache.ivy.core.settings.OnlineXmlSettingsParserTest,1,1,0,0,2
src.java.org.apache.ivy.util.Configurator$MacroDef,1,1,0,0,2
ContentHandler,0,1,0,0,1
SAXException,0,1,0,0,1
src.java.org.apache.ivy.core.deliver.DefaultPublishingDRResolver,1,1,0,0,2
test.java.org.apache.ivy.plugins.matcher.ExactOrRegexpPatternMatcherTest,1,1,0,0,2
src.example.dependence.dependee.src.standalone.Main,1,1,0,0,2
src.java.org.apache.ivy.ant.IvyCacheFileset$EmptyIterator,1,1,0,0,2
src.java.org.apache.ivy.plugins.resolver.packager.PackagerCacheEntry,1,1,0,0,2
test.java.org.apache.ivy.util.url.AbstractURLHandlerTest,0,1,0,0,1
src.java.org.apache.ivy.plugins.resolver.IvyRepResolver,1,1,0,0,2
src.java.org.apache.ivy.osgi.p2.P2MetadataParser$ProvidesHandler,1,1,0,0,2
src.java.org.apache.ivy.core.IvyContext,0,1,0,0,1
src.java.org.apache.ivy.core.event.retrieve.StartRetrieveEvent,1,1,0,0,2
IvyConfigure,0,1,0,0,1
DependencyArtifactDescriptor,1,1,0,0,2
src.java.org.apache.ivy.core.settings.IvyVariableContainer,1,1,0,0,2
IvyBuildNumber,0,1,0,0,1
IFilter,1,1,0,0,2
src.java.org.apache.ivy.util.CredentialsUtil,1,1,0,0,2
src.java.org.apache.ivy.tools.analyser.JarJarDependencyAnalyser,1,1,0,0,2
src.java.org.apache.ivy.osgi.updatesite.xml.FeatureParser,0,1,0,0,1
Cloneable,1,1,0,0,2
src.java.org.apache.ivy.plugins.lock.AbstractLockStrategy,1,1,0,0,2
src.java.org.apache.ivy.plugins.namespace.Namespace,0,1,0,0,1
src.java.org.apache.ivy.ant.IvyInstall,1,1,0,0,2
src.java.org.apache.ivy.osgi.p2.P2MetadataParser$PatchScopeHandler,1,1,0,0,2
test.java.org.apache.ivy.plugins.resolver.IBiblioHelper,0,1,0,0,1
src.java.org.apache.ivy.plugins.repository.ssh.RemoteScpException,1,1,0,0,2
src.java.org.apache.ivy.plugins.parser.m2.PomReader$AddDTDFilterInputStream,0,1,0,0,1
src.java.org.apache.ivy.core.event.retrieve.RetrieveArtifactEvent,1,1,0,0,2
AbstractTestFilter,1,1,0,0,2
src.java.org.apache.ivy.util.AbstractMessageLogger,1,1,0,0,2
IvyInfo,1,1,0,0,2
src.java.org.apache.ivy.core.module.descriptor.OverrideDependencyDescriptorMediator,1,1,0,0,2
src.java.org.apache.ivy.util.cli.ParseException,1,1,0,0,2
src.java.org.apache.ivy.util.MemoryUtil,1,1,0,0,2
src.java.org.apache.ivy.core.event.resolve.EndResolveEvent,1,1,0,0,2
test.java.org.apache.ivy.core.publish.PublishEventsTest$PublishTestCase,0,1,0,0,1
src.java.org.apache.ivy.ant.MapperAdapter,1,1,0,0,2
test.java.org.apache.ivy.core.settings.ConfigureTest,1,1,0,0,2
EventManager,1,1,0,0,2
src.java.org.apache.ivy.plugins.parser.m2.PomModuleDescriptorBuilder$PomModuleDescriptor,0,1,0,0,1
IOException,1,1,0,0,2
src.java.org.apache.ivy.Ivy14,1,1,0,0,2
FileContent,0,1,0,0,1
src.java.org.apache.ivy.plugins.matcher.ExactPatternMatcher,0,1,0,0,1
test.java.org.apache.ivy.plugins.resolver.AbstractDependencyResolverTest,0,1,0,0,1
test.java.org.apache.ivy.core.search.SearchTest,1,1,0,0,2
src.java.org.apache.ivy.plugins.version.Match,0,1,0,0,1
RequirementFilter,0,1,0,0,1
ComparatorLatestStrategy,0,1,0,0,1
src.java.org.apache.ivy.osgi.p2.P2MetadataParser$ChangesHandler,1,1,0,0,2
Credentials,0,1,0,0,1
src.java.org.apache.ivy.osgi.obr.xml.RequirementFilter,0,1,0,0,1
src.java.org.apache.ivy.osgi.p2.PropertiesParser$PropertiesHandler,1,1,0,0,2
src.java.org.apache.ivy.plugins.matcher.NoMatcher,1,1,0,0,2
src.java.org.apache.ivy.osgi.core.BundleInfo,0,1,0,0,1
src.java.org.apache.ivy.ant.IvyDeliver$DeliverDRResolver,1,1,0,0,2
RetrieveOptions,1,1,0,0,2
Process,0,1,0,0,1
src.java.org.apache.ivy.plugins.repository.url.URLRepository,1,1,0,0,2
src.java.org.apache.ivy.core.resolve.DownloadOptions,1,1,0,0,2
DelegetingHandler,1,1,0,0,2
test.java.org.apache.ivy.ant.IvyResolveTest,0,1,0,0,1
src.java.org.apache.ivy.plugins.resolver.AbstractResolver$ResolverParserSettings,1,1,0,0,2
test.java.org.apache.ivy.core.module.id.ModuleRulesTest,0,1,0,0,1
src.java.org.apache.ivy.osgi.core.ManifestHeaderValue,0,1,0,0,1
src.java.org.apache.ivy.plugins.repository.ssh.Scp$FileInfo,1,1,0,0,2
src.java.org.apache.ivy.ant.IvyRetrieve,1,1,0,0,2
LatestStrategy,0,1,0,0,1
src.java.org.apache.ivy.core.resolve.IvyNodeEviction$EvictionData,1,1,0,0,2
URLRepository,1,1,0,0,2
test.java.org.apache.ivy.osgi.repo.BundleRepoTest,1,1,0,0,2
Authenticator,0,1,0,0,1
src.java.org.apache.ivy.core.event.retrieve.EndRetrieveEvent,1,1,0,0,2
src.java.org.apache.ivy.plugins.repository.BasicResource,1,1,0,0,2
src.java.org.apache.ivy.plugins.conflict.StrictConflictException,0,1,0,0,1
src.java.org.apache.ivy.ant.IvyBuildNumber$NewRevision,1,1,0,0,2
test.java.org.apache.ivy.plugins.matcher.AbstractPatternMatcherTest,1,1,0,0,2
src.java.org.apache.ivy.core.resolve.ResolveEngineSettings,1,1,0,0,2
Stack,1,1,0,0,2
ModuleRules,0,1,0,0,1
src.java.org.apache.ivy.plugins.repository.sftp.SFTPRepository$MyProgressMonitor,0,1,0,0,1
IvyCleanCache,0,1,0,0,1
src.java.org.apache.ivy.util.Configurator$MacroRecord,1,1,0,0,2
DirSet,1,1,0,0,2
src.java.org.apache.ivy.plugins.parser.m2.PomModuleDescriptorBuilder$PomPluginElement,0,1,0,0,1
src.java.org.apache.ivy.plugins.circular.AbstractLogCircularDependencyStrategy,1,1,0,0,2
JarRepository,1,1,0,0,2
src.java.org.apache.ivy.osgi.p2.P2ArtifactParser$RuleHandler,1,1,0,0,2
test.java.org.apache.ivy.core.settings.XmlSettingsParserTest,0,1,0,0,1
UpdateSiteDescriptor,0,1,0,0,1
src.java.org.apache.ivy.osgi.p2.XMLInputParser,1,1,0,0,2
test.java.org.apache.ivy.plugins.resolver.JarResolverTest,1,1,0,0,2
Options,1,1,0,0,2
test.java.org.apache.ivy.ant.IvyFindRevisionTest,0,1,0,0,1
src.java.org.apache.ivy.osgi.updatesite.xml.EclipseFeature,0,1,0,0,1
MessageLogger,0,1,0,0,1
src.java.org.apache.ivy.plugins.resolver.util.ResolverHelper,1,1,0,0,2
test.java.org.apache.ivy.util.ConfiguratorTest$FileTester,0,1,0,0,1
Element,0,1,0,0,1
src.java.org.apache.ivy.core.module.descriptor.DefaultExcludeRule,1,1,0,0,2
test.java.org.apache.ivy.osgi.obr.RequirementFilterTest,1,1,0,0,2
src.java.org.apache.ivy.osgi.obr.xml.OBRXMLParser$ResourceDescriptionHandler,0,1,0,0,1
src.java.org.apache.ivy.plugins.resolver.ChainResolver$ResolvedModuleRevisionArtifactInfo,1,1,0,0,2
test.java.org.apache.ivy.plugins.resolver.VfsResolverTest,0,1,0,0,1
Properties,0,1,0,0,1
src.java.org.apache.ivy.core.settings.IvySettings,1,1,0,0,2
Iterator,0,1,0,0,1
src.java.org.apache.ivy.osgi.obr.filter.NotFilter,0,1,0,0,1
test.java.org.apache.ivy.util.ConfiguratorTest$Person,0,1,0,0,1
src.java.org.apache.ivy.core.event.resolve.ResolveEvent,1,1,0,0,2
test.java.org.apache.ivy.util.ConfiguratorTest$Room,0,1,0,0,1
src.java.org.apache.ivy.plugins.lock.FileBasedLockStrategy$CreateFileLocker,1,1,0,0,2
AbstractResolver,0,1,0,0,1
test.java.org.apache.ivy.plugins.conflict.LatestCompatibleConflictManagerTest,1,1,0,0,2
src.java.org.apache.ivy.core.event.download.PrepareDownloadEvent,1,1,0,0,2
src.java.org.apache.ivy.core.sort.ModuleInSort,0,1,0,0,1
CredentialsProvider,0,1,0,0,1
Integer,0,1,0,0,1
RepositoryManagementEngine,1,1,0,0,2
src.java.org.apache.ivy.core.resolve.VisitData,1,1,0,0,2
ResolveReport,0,1,0,0,1
src.java.org.apache.ivy.ant.IvyListModules,1,1,0,0,2
src.java.org.apache.ivy.osgi.obr.filter.CompareFilter$Operator,0,1,0,0,1
java.lang.Object,1,1,0,0,2
src.java.org.apache.ivy.util.url.IvyAuthenticator,0,1,0,0,1
ResolveOptions,0,1,0,0,1
UpdateSite,0,1,0,0,1
IvyInstall,0,1,0,0,1
Location,1,1,0,0,2
test.java.org.apache.ivy.plugins.resolver.IvyRepResolverTest,1,1,0,0,2
src.java.org.apache.ivy.plugins.IvySettingsAware,1,1,0,0,2
ConfigurationAware,1,1,0,0,2
src.java.org.apache.ivy.plugins.latest.LatestRevisionStrategy$MridComparator,0,1,0,0,1
IvySettingsAware,0,1,0,0,1
src.java.org.apache.ivy.ant.IvyCacheFileset,1,1,0,0,2
EclipseFeature,0,1,0,0,1
src.java.org.apache.ivy.plugins.namespace.NamespaceTransformer,0,1,0,0,1
src.java.org.apache.ivy.osgi.core.OsgiLatestStrategy,0,1,0,0,1
src.java.org.apache.ivy.osgi.updatesite.xml.FeatureParser$UpdateHandler,0,1,0,0,1
ResolveEngineSettings,1,1,0,0,2
ModuleId,1,1,0,0,2
java.util.regex.Matcher,1,1,0,0,2
PathElement,1,1,0,0,2
LexicalHandler,1,1,0,0,2
src.java.org.apache.ivy.plugins.namespace.MRIDTransformationRule,0,1,0,0,1
SAXParser,1,1,0,0,2
src.java.org.apache.ivy.ant.IvyVar,1,1,0,0,2
src.java.org.apache.ivy.osgi.repo.RepoDescriptor,0,1,0,0,1
test.java.org.apache.ivy.core.settings.XmlSettingsParserTest$MyLockStrategy,0,1,0,0,1
PasswordAuthentication,0,1,0,0,1
test.java.org.apache.ivy.ant.IvyConfigureTest,0,1,0,0,1
test.java.org.apache.ivy.ant.IvyPublishTest,0,1,0,0,1
src.java.org.apache.ivy.plugins.matcher.RegexpPatternMatcher,0,1,0,0,1
src.java.org.apache.ivy.ant.IvyDependency,1,1,0,0,2
src.java.org.apache.ivy.osgi.p2.P2MetadataParser$ChangeHandler,1,1,0,0,2
src.example.configurations.jdbc-example.src.example.ConfigurationsExample,1,1,0,0,2
src.java.org.apache.ivy.plugins.report.ReportOutputter,1,1,0,0,2
src.java.org.apache.ivy.plugins.resolver.ResolverSettings,1,1,0,0,2
src.java.org.apache.ivy.osgi.repo.FSManifestIterable,0,1,0,0,1
src.java.org.apache.ivy.plugins.resolver.util.ApacheHttpURLLister,1,1,0,0,2
src.java.org.apache.ivy.osgi.updatesite.xml.UpdateSite,0,1,0,0,1
src.java.org.apache.ivy.core.module.descriptor.ConfigurationAware,1,1,0,0,2
Namespace,1,1,0,0,2
src.java.org.apache.ivy.ant.IvyPublish$PublishArtifact,1,1,0,0,2
SFTPRepository,1,1,0,0,2
src.java.org.apache.ivy.ant.IvyCacheFileset$EmptyFileSet,1,1,0,0,2
test.java.org.apache.ivy.plugins.resolver.util.ResolverHelperTest,1,1,0,0,2
src.java.org.apache.ivy.plugins.repository.file.FileResource,0,1,0,0,1
src.java.org.apache.ivy.osgi.updatesite.xml.FeatureParser$UrlHandler,0,1,0,0,1
src.java.org.apache.ivy.plugins.parser.m2.PomModuleDescriptorBuilder$PomDependencyDescriptor,0,1,0,0,1
src.java.org.apache.ivy.core.settings.XmlSettingsParser,1,1,0,0,2
test.java.org.apache.ivy.plugins.parser.ModuleDescriptorParserRegistryTest,0,1,0,0,1
src.java.org.apache.ivy.core.event.download.NeedArtifactEvent,1,1,0,0,2
PatternMatcher,0,1,0,0,1
src.example.configurations.multi-projects.filter-framework.test.filter.hmimpl.HMFilterTest,1,1,0,0,2
src.java.org.apache.ivy.plugins.resolver.DualResolver,1,1,0,0,2
src.java.org.apache.ivy.plugins.signer.bouncycastle.OpenPGPSignatureGenerator,0,1,0,0,1
src.java.org.apache.ivy.core.report.DownloadStatus,0,1,0,0,1
src.example.multi-project.projects.version.src.version.Version,1,1,0,0,2
src.java.org.apache.ivy.util.Message,1,1,0,0,2
test.java.org.apache.ivy.plugins.resolver.MirroredURLResolverTest,1,1,0,0,2
src.java.org.apache.ivy.ant.IvyResources,1,1,0,0,2
src.java.org.apache.ivy.util.FileUtil,1,1,0,0,2
src.java.org.apache.ivy.util.DateUtil,1,1,0,0,2
src.java.org.apache.ivy.util.cli.CommandLineParser,0,1,0,0,1
src.java.org.apache.ivy.plugins.resolver.util.URLLister,1,1,0,0,2
BundleRepoDescriptor,0,1,0,0,1
src.java.org.apache.ivy.core.resolve.ResolveProcessException,1,1,0,0,2
src.java.org.apache.ivy.plugins.repository.Resource,0,1,0,0,1
src.java.org.apache.ivy.core.event.resolve.EndResolveDependencyEvent,1,1,0,0,2
SAXParseException,0,1,0,0,1
src.java.org.apache.ivy.plugins.conflict.LatestConflictManager$IvyNodeArtifactInfo,0,1,0,0,1
src.java.org.apache.ivy.core.event.publish.PublishEvent,1,1,0,0,2
src.java.org.apache.ivy.core.module.descriptor.DefaultIncludeRule,1,1,0,0,2
test.java.org.apache.ivy.TestHelper,1,1,0,0,2
EventListener,0,1,0,0,1
test.java.org.apache.ivy.util.ConfiguratorTest$House,0,1,0,0,1
test.java.org.apache.ivy.util.StringUtilsTest,1,1,0,0,2
Pattern,0,1,0,0,1
src.java.org.apache.ivy.util.CopyProgressListener,1,1,0,0,2
Reference,1,1,0,0,2
src.java.org.apache.ivy.core.IvyPatternHelper$OriginalArtifactNameValue,0,1,0,0,1
src.java.org.apache.ivy.ant.BuildBundleRepoDescriptorTask,1,1,0,0,2
src.java.org.apache.ivy.core.module.descriptor.DefaultModuleDescriptor,0,1,0,0,1
src.java.org.apache.ivy.core.event.download.StartArtifactDownloadEvent,1,1,0,0,2
src.java.org.apache.ivy.plugins.version.PatternVersionMatcher,1,1,0,0,2
Thread,0,1,0,0,1
src.java.org.apache.ivy.plugins.resolver.VfsResolver,1,1,0,0,2
RetrieveEngine,1,1,0,0,2
src.java.org.apache.ivy.plugins.repository.ResourceHelper,1,1,0,0,2
src.java.org.apache.ivy.core.search.ModuleEntry,0,1,0,0,1
src.java.org.apache.ivy.osgi.p2.P2MetadataParser$FilterHandler,1,1,0,0,2
SortEngineSettings,1,1,0,0,2
ParseException,0,1,0,0,1
src.java.org.apache.ivy.core.resolve.IvyNodeEviction$ModuleIdConf,1,1,0,0,2
AbstractLockStrategy,0,1,0,0,1
test.java.org.apache.ivy.plugins.matcher.ExactPatternMatcherTest,1,1,0,0,2
src.java.org.apache.ivy.osgi.updatesite.xml.UpdateSiteDigestParser,0,1,0,0,1
ProjectComponent,1,1,0,0,2
test.java.org.apache.ivy.plugins.circular.IgnoreCircularDependencyStrategyTest,1,1,0,0,2
ModuleEntry,1,1,0,0,2
MapMatcher,0,1,0,0,1
src.java.org.apache.ivy.plugins.repository.url.ChainedRepository,1,1,0,0,2
test.java.org.apache.ivy.plugins.lock.ArtifactLockStrategyTest$ResolveThread,0,1,0,0,1
LinkedHashMap,1,1,0,0,2
src.java.org.apache.ivy.util.EncrytedProperties,1,1,0,0,2
XmlModuleDescriptorParser,1,1,0,0,2
src.java.org.apache.ivy.ant.IvyCacheTask,1,1,0,0,2
src.java.org.apache.ivy.osgi.p2.P2MetadataParser$HostRequirementsHandler,1,1,0,0,2
src.java.org.apache.ivy.plugins.lock.FileBasedLockStrategy$FileLocker,1,1,0,0,2
ExecutionEnvironmentProfileProvider,0,1,0,0,1
src.java.org.apache.ivy.osgi.repo.ManifestAndLocation,0,1,0,0,1
test.java.org.apache.ivy.core.settings.IvySettingsTest,1,1,0,0,2
src.java.org.apache.ivy.osgi.obr.xml.OBRXMLParser$RepositoryHandler,0,1,0,0,1
FileSystemResolver,0,1,0,0,1
src.java.org.apache.ivy.core.resolve.ResolveEngine,1,1,0,0,2
src.java.org.apache.ivy.ant.IvyBuildNumber$ResolvedModuleRevisionArtifactInfo,1,1,0,0,2
FileList,1,1,0,0,2
test.java.org.apache.ivy.util.ConfiguratorTest$City,0,1,0,0,1
src.java.org.apache.ivy.core.event.resolve.StartResolveDependencyEvent,1,1,0,0,2
src.java.org.apache.ivy.plugins.resolver.BasicResolver$UnresolvedDependencyException,1,1,0,0,2
Resource,1,1,0,0,2
src.java.org.apache.ivy.util.Configurator$Macro,1,1,0,0,2
src.java.org.apache.ivy.plugins.version.VersionRangeMatcher$MRIDArtifactInfo,0,1,0,0,1
src.java.org.apache.ivy.ant.IvyResolve,1,1,0,0,2
test.java.org.apache.ivy.plugins.parser.AbstractModuleDescriptorParserTester,0,1,0,0,1
src.java.org.apache.ivy.util.CredentialsUtil$CredentialPanel,1,1,0,0,2
src.java.org.apache.ivy.plugins.namespace.MRIDRule,0,1,0,0,1
src.java.org.apache.ivy.plugins.parser.xml.XmlModuleDescriptorUpdater$ConfigurationPrinter,1,1,0,0,2
src.java.org.apache.ivy.core.deliver.PublishingDependencyRevisionResolver,0,1,0,0,1
src.java.org.apache.ivy.ant.IvyMakePom$Dependency,1,1,0,0,2
src.java.org.apache.ivy.osgi.p2.P2MetadataParser$ProvidedHandler,1,1,0,0,2
URISyntaxException,0,1,0,0,1
src.java.org.apache.ivy.plugins.parser.m2.PomModuleDescriptorBuilder,0,1,0,0,1
JTextField,1,1,0,0,2
src.java.org.apache.ivy.osgi.p2.P2MetadataParser$ArtifactHandler,1,1,0,0,2
DownloadReport,0,1,0,0,1
test.java.org.apache.ivy.MainTest,1,1,0,0,2
src.java.org.apache.ivy.osgi.updatesite.xml.EclipseUpdateSiteParser$SiteHandler,0,1,0,0,1
RuntimeException,1,1,0,0,2
src.java.org.apache.ivy.util.MessageLogger,1,1,0,0,2
src.java.org.apache.ivy.core.event.retrieve.EndRetrieveArtifactEvent,1,1,0,0,2
ResourceMDParser,1,1,0,0,2
src.java.org.apache.ivy.plugins.parser.xml.XmlModuleDescriptorWriter,1,1,0,0,2
CommandLineParser,1,1,0,0,2
src.java.org.apache.ivy.osgi.core.BundleRequirement,0,1,0,0,1
src.java.org.apache.ivy.plugins.repository.vfs.VfsRepository,1,1,0,0,2
test.java.org.apache.ivy.util.url.AbstractURLHandlerTest$TestURLHandler,0,1,0,0,1
PatternSyntaxException,0,1,0,0,1
PrintStream,0,1,0,0,1
test.java.org.apache.ivy.util.url.HttpclientURLHandlerTest,0,1,0,0,1
HttpMethodBase,0,1,0,0,1
src.java.org.apache.ivy.plugins.circular.ErrorCircularDependencyStrategy,1,1,0,0,2
DeliverEngineSettings,1,1,0,0,2
test.java.org.apache.ivy.ant.IvyBuildNumberTest,0,1,0,0,1
Exception,0,1,0,0,1
test.java.org.apache.ivy.ant.IvyConvertPomTest,1,1,0,0,2
src.java.org.apache.ivy.util.url.URLHandlerDispatcher,1,1,0,0,2
src.java.org.apache.ivy.core.IvyPatternHelper,0,1,0,0,1
src.java.org.apache.ivy.util.filter.NoFilter,1,1,0,0,2
src.java.org.apache.ivy.util.url.URLHandler,0,1,0,0,1
AbstractRepository,0,1,0,0,1
ZipOutputStream,0,1,0,0,1
GetMethod,0,1,0,0,1
UnmodifiableExtendableItem,0,1,0,0,1
BasicURLHandler,0,1,0,0,1
SignatureGenerator,0,1,0,0,1
ArtifactRevisionId,1,1,0,0,2
